PLZ_K,STADT_K,lat,lon
24976,Handewitt,54.7634057335,9.32490895545
12529,Berlin,52.52468,13.40535
24109,Kiel Mettenhof,54.3163100635459,10.0489528983832
24941,Jarplund-Weding,54.7433859239,9.38503158147
9120,Chemnitz,50.8333,12.9167
24113,Molfsee,54.2645626120845,10.0659111648799
23556,Lübeck,53.86956,10.68713
24558,Henstedt-Ulzburg,53.79032,9.9803
22869,Schenefeld bei Hamburg,53.60085,9.82257
2625,Bautzen,51.18072,14.42792
20457,Hamburg,53.554423,9.994583
12487,Berlin Treptow-Köpenick,52.445817,13.574588
4155,Leipzig,51.3396,12.3713
1067,Dresden,51.05,13.75
1097,Dresden,51.05,13.75
24119,Kronshagen,54.3314414549232,10.0852312356234
17192,Groß Dratow Klein Dratow,53.5056752356192,12.8741554077149
18273,Güstrow Güstrow,53.80412,12.18655
63067,Offenbach am Main,50.1,8.76667
50670,Köln,50.9333,6.95
10785,Berlin,52.52468,13.40535
18442,Neu Bartelshagen Lassentin,54.33058,12.90221
34117,Kassel,51.316944,9.4925
35390,Gießen,50.5833,8.65
18507,Grimmen Jessin,54.09094,13.01477
18184,Broderstorf Ikendorf,54.07582,12.25814
18182,Rövershagen,54.17642,12.23382
19055,Schwerin,53.63281,11.41422
18059,Pölchow Huckstorf,53.9844,12.11161
18069,Lambrechtshagen,54.10206,12.01595
24376,Arnis,54.63036,9.93159
24116,Kiel,54.3226843669499,10.1358638465405
59192,Bergkamen,51.61429,7.64089999999999
23795,Groß Rönnau,53.97226,10.31196
6632,Freyburg (Unstrut),51.2177983484528,11.7680947486879
1099,Dresden,51.05,13.75
24539,Neumünster,54.07402,9.984512
22303,Hamburg Hamburg-Nord,53.6153,9.99269
50668,Köln,50.9333,6.95
19386,Werder bei Lübz,53.50029,12.0096599999999
25436,Moorrege bei Uetersen,53.6677402529403,9.65997231347566
22525,Hamburg Altona,53.55506,9.94196
17491,Greifswald,54.0888132703675,13.3944205793762
1445,Radebeul,51.1117214378571,13.649485015869
8371,Glauchau,50.8167,12.5333
9112,Chemnitz,50.8333,12.9167
35582,Wetzlar,50.55,8.5
34121,Kassel,51.316944,9.4925
19061,Schwerin,53.60716,11.46771
19230,Warlitz,53.3782,11.14941
18106,Rostock Evershagen,54.11616,12.05916
19374,Grebbin Kossebade,53.53182,11.8413
23936,Grieben bei Grevesmühlen,53.8422,11.04943
19412,Weitendorf bei Sternberg,53.71757,11.7510600000001
19053,Schwerin,53.63281,11.41422
24145,Kiel,54.2621477409145,10.1496262609959
1257,Dresden,51.05,13.75
1968,Senftenberg,51.50423,13.97623
4109,Leipzig,51.3396,12.3713
8523,Plauen,50.5,12.1333
4105,Leipzig,51.3396,12.3713
20350,Hamburg,53.554423,9.994583
61169,Friedberg (Hessen),50.35,8.76667
4299,Leipzig,51.3396,12.3713
1307,Dresden,51.05,13.75
63303,Dreieich,50.0,8.7
9116,Chemnitz,50.8333,12.9167
24161,Altenholz,54.4016457700682,10.1185690820218
24937,Flensburg Friesischer Berg,54.77148,9.40625
19057,Schwerin,53.63281,11.41422
18146,Rostock Toitenwinkel,54.11695,12.13897
18439,Stralsund Frankensiedlung,54.267733,13.080098
82049,Pullach im Isartal,48.05,11.5333
80636,München,48.1374,11.5755
22529,Hamburg Eimsbüttel,53.574444,9.959444
24118,Kiel,54.3226843669499,10.1358638465405
18055,Rostock Kassebohm,54.07529,12.17764
40211,Düsseldorf,51.220507741497,6.81216996826174
41470,Neuss,51.2038721294835,6.68800777252204
64546,Mörfelden-Walldorf,49.9947,8.58361
10587,Berlin Charlottenburg-Wilmersdorf,52.497058,13.29649
80339,München,48.1374,11.5755
1705,Freital,51.0017,13.6488
4463,Großpösna Seifertshain,51.29352331063,12.5178254142945
1328,Dresden,51.05,13.75
1640,Coswig bei Dresden,51.130660800737,13.5780643280029
81673,München,48.1374,11.5755
4178,Leipzig,51.3396,12.3713
6796,Brehna,51.5581118542846,12.2170433227539
7570,Weida,50.7667,12.0667
9128,Chemnitz,50.8333,12.9167
15910,Schönwald bei Lübben,51.99122,13.7752
9212,Limbach-Oberfrohna Kändler,50.8667,12.75
9131,Chemnitz,50.8333,12.9167
4827,Machern bei Wurzen,51.3611534104658,12.6335574920654
60326,Frankfurt am Main Griesheim,50.1,8.6
10787,Berlin Tempelhof-Schöneberg,52.44763,13.38535
4416,Markkleeberg,51.2750049912737,12.3664402008056
8209,Auerbach / Vogtland,50.5167,12.4
1239,Dresden,51.05,13.75
3046,Cottbus,51.75529,14.3330100000001
23701,Süsel,54.07735,10.71555
24103,Kiel,54.3226843669499,10.1358638465405
24223,Schwentinental,54.2944438083405,10.2166636455983
23845,Seth,53.84604,10.17496
4720,Döbeln,51.1167,13.1167
1127,Dresden,51.05,13.75
3096,Briesen,51.8167,14.25
9114,Chemnitz,50.8333,12.9167
40882,Ratingen,51.2965653110169,6.84012947082522
2708,Großschweidnitz,51.07387,14.6481699999999
4107,Leipzig,51.3396,12.3713
64295,Darmstadt,49.8706,8.64944
10117,Berlin,52.52468,13.40535
54294,Trier Euren,49.75,6.63333
60314,Frankfurt am Main Fechenheim,50.1167,8.68333
85774,Unterföhring,48.2,11.6467
9599,Freiberg,50.9167,13.3667
24357,Güby,54.4859065328657,9.66688449680038
24977,Langballig,54.7970142576,9.63691100533
25813,Südermarsch bei Husum,54.4309769913578,9.07681420589033
50672,Köln,50.9333,6.95
24944,Flensburg Mürwik,54.80992,9.46094
9603,Großschirma,50.9667,13.2833
9224,Chemnitz Grüna bei Chemnitz,50.81,12.786
2736,Oppach,51.05799,14.5035399999999
1139,Dresden,51.05,13.75
1454,Radeberg,51.11392,13.91364
4329,Leipzig,51.3396,12.3713
4860,Torgau,51.55746,12.9916000000001
4129,Leipzig,51.3396,12.3713
22765,Hamburg Altona,53.55506,9.94196
25469,Halstenbek,53.63411,9.8376
1109,Dresden,51.05,13.75
1587,Riesa,51.3063320341141,13.2878978729248
9111,Chemnitz,50.8333,12.9167
23562,Lübeck,53.86956,10.68713
24214,Gettorf,54.4069172040774,9.97400405108938
14532,Nuthetal,52.34061,13.11026
4103,Leipzig,51.3396,12.3713
4758,Naundorf bei Oschatz,51.25,13.1167
72818,Trochtelfingen (Hohenzollern),48.3,9.25
9439,Amtsberg,50.75,13.0056
4159,Leipzig,51.3396,12.3713
4838,Doberschütz Paschwitz,51.46602,12.72063
32457,Porta Westfalica,52.2411534918421,8.92470156616207
24143,Kiel,54.3226843669499,10.1358638465405
40549,Düsseldorf,51.220507741497,6.81216996826174
77815,Bühl (Baden),48.7,8.15
24534,Neumünster,54.07402,9.984512
17034,Neubrandenburg,53.56603,13.26944
97084,Würzburg,49.7878,9.93611
1814,Porschdorf,50.9411,14.12853
9366,Stollberg / Erzgebirge,50.7167,12.8
4808,Hohburg bei Wurzen,51.41241,12.80066
4229,Leipzig,51.3396,12.3713
8485,Lengenfeld,50.5667,12.3667
4603,Nobitz,50.9748,12.4909
9618,Brand-Erbisdorf,50.8667,13.3333
50996,Köln,50.9333,6.95
98593,Floh-Seligenthal,50.76,10.4867
9217,Burgstädt,50.9167,12.8167
38855,Schmatzfeld,51.89179,10.76611
97228,Rottendorf,49.8,10.0333
6184,Schkopau,51.38924,11.98541
3222,Lübbenau / Spreewald,51.86469,13.95371
17291,Carmzow-Wallmow Wallmow,53.34133,14.08544
19370,Parchim Kiekindemark,53.3972861804682,11.780648803711
23909,Giesensdorf bei Ratzeburg,53.68851,10.71397
8373,Remse bei Glauchau,50.85,12.5667
6112,Halle (Saale),51.4804145230098,11.9688556269837
8645,Bad Elster,50.2833,12.2333
20354,Hamburg Eimsbüttel,53.574444,9.959444
24114,Kiel,54.3226843669499,10.1358638465405
44803,Bochum,51.46785,7.19654000000003
25746,Ostrohe,54.214810444152,9.137088806873
22113,Oststeinbek,53.54221,10.16569
25761,Westerdeichstrich,54.16132,8.86023
23769,Fehmarn Westfehmarn,54.45443,11.10231
18147,Rostock Toitenwinkel,54.11695,12.13897
18311,Ribnitz-Damgarten Damgarten,54.25877,12.4719700000001
10557,Berlin,52.52468,13.40535
23554,Lübeck,53.86956,10.68713
76139,Karlsruhe (Baden) Hagsfeld,49.0047,8.38583
82110,Germering,48.1333,11.3667
80807,München,48.1374,11.5755
10963,Berlin Friedrichshain-Kreuzberg,52.5015,13.43512
25821,Struckum,54.5935829601572,8.99120628833772
24768,Schülp bei Rendsburg Nübbel,54.271537135276,9.62824486339644
25336,Elmshorn,53.7552973008561,9.65623957259651
25462,Rellingen,53.65161,9.82942
50679,Köln,50.9333,6.95
99094,Erfurt Schmira,50.9833,11.0333
1809,Dohna,50.95673,13.85815
4277,Leipzig,51.3396,12.3713
9648,Mittweida,50.9833,12.9833
9247,Limbach-Oberfrohna Kändler,50.8667,12.75
24589,Ellerdorf,54.1930774566587,9.84013468170718
21521,Wohltorf,53.51973,10.2784
23568,Lübeck,53.86956,10.68713
25866,Mildstedt,54.4606076571678,9.09520678365771
17087,Altentreptow Rosemarsow,53.7321185563838,13.243018777771
8056,Zwickau,50.7333,12.5
4519,Rackwitz,51.43872,12.37582
9456,Annaberg-Buchholz,50.5667,13.0
6237,Leuna,51.32354,12.02457
8237,Steinberg,50.5389,12.4778
8062,Zwickau,50.7333,12.5
1855,Kirnitzschtal,50.94301,14.24472
23758,Oldenburg in Holstein,54.2916939035514,10.8867433692694
24568,Oersdorf bei Neumünster,53.84017,9.99358
10553,Berlin,52.52468,13.40535
22297,Hamburg Hamburg-Nord,53.6153,9.99269
18057,Rostock,54.08369,12.10063
22453,Hamburg Eimsbüttel,53.574444,9.959444
80802,München,48.1374,11.5755
40233,Düsseldorf,51.220507741497,6.81216996826174
16798,Fürstenberg / Havel Himmelpfort,53.1784,13.227403
17109,Demmin,53.90592,13.04979
34131,Kassel,51.316944,9.4925
24848,Owschlag Boklund,54.4230909140617,9.56741611658759
22335,Hamburg Hamburg-Nord,53.6153,9.99269
21614,Buxtehude,53.47632,9.70545
23560,Lübeck,53.86956,10.68713
24106,Kiel Wik,54.3554955280066,10.1351243466139
31552,Apelern,52.3023,9.31588
24229,Dänischenhagen,54.4245524172928,10.1276704877616
70567,Stuttgart,48.7823,9.177
20095,Hamburg,53.554423,9.994583
10179,Berlin,52.52468,13.40535
22299,Hamburg Hamburg-Nord,53.6153,9.99269
60327,Frankfurt am Main,50.1167,8.68333
19300,Brunow bei Parchim,53.26244,11.81313
1189,Dresden,51.05,13.75
65189,Wiesbaden,50.0833,8.25
23743,Grömitz,54.15113,10.95649
83707,Bad Wiessee,47.7167,11.7167
61352,Bad Homburg vor der Höhe,50.2167,8.61667
9337,Hohenstein-Ernstthal,50.8,12.7167
60486,Frankfurt am Main Rödelheim,50.1167,8.68333
25826,Sankt Peter-Ording,54.3070963528309,8.63601868195536
1744,Dippoldiswalde,50.8957530080532,13.6677299682617
23569,Lübeck,53.86956,10.68713
65760,Eschborn,50.1333,8.55
1277,Dresden,51.05,13.75
4618,Frohnsdorf bei Altenburg,50.9359,12.5858
23552,Lübeck,53.86956,10.68713
1723,Wilsdruff,51.0505125865027,13.5364757354737
4425,Taucha bei Leipzig,51.3799371431262,12.4935853915406
4315,Leipzig,51.3396,12.3713
4209,Leipzig,51.3396,12.3713
9405,Gornau / Erzgebirge,50.7667,13.0167
1900,Bretnig-Hauswalde Röderhäuser,51.16536,14.06299
49429,Visbek,52.83496,8.3125
22767,Hamburg Altona,53.55506,9.94196
35576,Wetzlar,50.55,8.5
35415,Pohlheim,50.5167,8.7
70191,Stuttgart,48.7823,9.177
81829,München,48.1374,11.5755
60313,Frankfurt am Main,50.1167,8.68333
4158,Leipzig,51.3396,12.3713
20459,Hamburg,53.554423,9.994583
81675,München,48.1374,11.5755
24232,Schönkirchen,54.339149417959,10.2225421130657
4668,Otterwisch,51.2,12.6167
24782,Büdelsdorf,54.31408,9.66324
19059,Schwerin,53.63281,11.41422
4683,Naunhof bei Grimma,51.2784681382148,12.5917602539063
9119,Chemnitz,50.8333,12.9167
4552,Lobstädt,51.1333,12.45
63263,Neu-Isenburg,50.05,8.7
1665,Triebischtal Perne,51.0894,13.4182
24943,Tastrup bei Flensburg,54.7650937115,9.4772163039
17255,Wesenberg,53.20742,12.99518
1156,Dresden Cossebaude,51.0882395539565,13.6393642425537
23966,Dorf Mecklenburg Moidentin,53.82156,11.4854800000001
19067,Cambs,53.7003,11.52941
22885,Barsbüttel,53.56842,10.16282
18609,Ostseebad Binz,54.4015402349705,13.6099193756104
17489,Greifswald,54.0888132703675,13.3944205793762
19306,Neustadt-Glewe,53.37474,11.59163
19063,Schwerin,53.60716,11.46771
7545,Gera Untermhaus,50.8667,12.0833
9244,Lichtenau bei Chemnitz,50.9083,12.9917
24107,Ottendorf bei Kiel,54.3402480875188,10.0444160610438
30657,Hannover,52.38447,9.72693000000004
25541,Brunsbüttel,53.897863,9.128617
24105,Kiel,54.3226843669499,10.1358638465405
25524,Heiligenstedtenerkamp,53.899874,9.468966
51149,Köln,50.9333,6.95
20537,Hamburg,53.554423,9.994583
23968,Zierow,53.92742,11.37768
29525,Uelzen,52.96601,10.55776
24537,Neumünster,54.07402,9.984512
51103,Köln,50.9333,6.95
96476,Bad Rodach,50.3333,10.7833
65926,Frankfurt am Main,50.1167,8.68333
53113,Bonn,50.7333,7.1
23558,Lübeck,53.86956,10.68713
17309,Rollwitz,53.47235,13.97754
19246,Vellahn,53.39972,10.96878
19258,Boizenburg / Elbe Boizenburg,53.38084,10.71892
25335,Elmshorn,53.7552973008561,9.65623957259651
1219,Dresden,51.05,13.75
7973,Greiz,50.6577,12.1905
9496,Marienberg,50.65,13.1667
8132,Mülsen,50.7448,12.5748
1259,Dresden,51.05,13.75
12355,Berlin,52.52468,13.40535
39112,Magdeburg,52.13196,11.62658
23970,Benz bei Wismar Kalsow,53.92149,11.5788700000001
19399,Techentin bei Lübz Augzin,53.5680617546966,11.961674894104
9126,Chemnitz,50.8333,12.9167
1237,Dresden,51.05,13.75
8648,Bad Brambach,50.2167,12.3167
4356,Leipzig,51.3396,12.3713
22041,Hamburg Wandsbek,53.581944,10.084167
24646,Warder bei Neumünster,54.21272,9.88471
25421,Pinneberg,53.66282,9.79665
99084,Erfurt,50.9833,11.0333
10961,Berlin Friedrichshain-Kreuzberg,52.5015,13.43512
24955,Harrislee,54.800799,9.386276
20097,Hamburg,53.554423,9.994583
25337,Elmshorn,53.7552973008561,9.65623957259651
2828,Görlitz,51.15268,14.97056
25980,Westerland,54.907748,8.308755
20099,Hamburg,53.554423,9.994583
95126,Schwarzenbach an der Saale,50.2167,11.9333
1945,Schwarzbach bei Ruhland,51.4511232647991,13.9355315979004
4442,Zwenkau,51.2175,12.324167
17094,Cammin bei Neubrandenburg Godenswege,53.45782,13.28886
22763,Hamburg Altona,53.55506,9.94196
19075,Warsow bei Schwerin Kothendorf,53.54592,11.28449
8301,Bad Schlema,50.6167,12.6667
35041,Marburg / Lahn,50.8167,8.76667
38899,Hasselfelde,51.69092,10.85425
17424,Heringsdorf,53.958057,14.152376
25938,Wrixum,54.6997622741,8.54672753866
80331,München,48.1374,11.5755
17033,Neubrandenburg,53.5503852720596,13.2232696716309
4509,Krostitz,51.46221,12.45321
2826,Görlitz,51.15268,14.97056
1917,Kamenz,51.27377,14.10357
95326,Kulmbach,50.1,11.45
70178,Stuttgart,48.7823,9.177
18276,Glasewitz Dehmen,53.80255,12.2823100000001
8233,Treuen,50.55,12.3
9353,Oberlungwitz,50.7833,12.7167
22179,Hamburg Wandsbek,53.581944,10.084167
9484,Kurort Oberwiesenthal,50.4167,12.9833
6188,Hohenthurm,51.51966,12.0979
99086,Erfurt,50.9833,11.0333
1609,Wülknitz bei Riesa,51.3691113511446,13.392618560791
4924,Bad Liebenwerda Lausitz,51.5123,13.35296
7407,Remda-Teichel Teichel,50.7644,11.25
1594,Hirschstein bei Riesa,51.263160836931,13.3930047988891
17459,Zempin,54.06737,13.96479
26122,Oldenburg in Oldenburg,53.15035,8.21063000000004
38640,Goslar,51.90839,10.4468091534424
19288,Wöbbelin Dreenkrögen,53.41869,11.4969599999999
19243,Wittenburg,53.46441,11.10842
17039,Woggersin,53.60729,13.2317399999999
20357,Hamburg Altona,53.55506,9.94196
23683,Scharbeutz,54.0352,10.7512
4420,Markranstädt,51.3,12.2333
19395,Wendisch Priborn Tönchow,53.34181,12.3207600000001
1309,Dresden,51.05,13.75
1662,Meißen,51.1633504354592,13.4812400634765
44139,Dortmund,51.504225397481,7.48365411122495
60599,Frankfurt am Main,50.1167,8.68333
63071,Offenbach am Main,50.1,8.76667
51147,Köln,50.9333,6.95
22769,Hamburg Altona,53.55506,9.94196
64331,Weiterstadt,49.9078,8.59528
4600,Altenburg,50.9884,12.4447
24966,Sörup,54.7171894363864,9.6696169972343
25451,Quickborn,53.73186,9.90396
24340,Windeby,54.462724215,9.81717886329
40235,Düsseldorf,51.220507741497,6.81216996826174
26605,Aurich,53.4839,7.51512
23566,Lübeck,53.86956,10.68713
4435,Schkeuditz,51.3945595453453,12.2241874920654
1159,Dresden,51.05,13.75
1169,Dresden,51.05,13.75
9573,Leubsdorf,50.8,13.1667
60437,Frankfurt am Main Bonames,50.1167,8.68333
1936,Straßgräbchen,51.35554,14.06758
61118,Bad Vilbel,50.1833,8.75
82031,Grünwald,48.05,11.5167
1591,Riesa,51.3063320341141,13.2878978729248
9669,Frankenberg / Sachsen,50.9167,13.0333
1844,Neustadt in Sachsen,51.02528,14.2111
9633,Halsbrücke,50.95,13.35
24939,Flensburg Nordstadt,54.81037,9.42185
20251,Hamburg Hamburg-Nord,53.6153,9.99269
22609,Hamburg Altona,53.55506,9.94196
14770,Brandenburg an der Havel,52.414082454492,12.5309455871582
21629,Neu Wulmstorf,53.46442,9.80046
7549,Gera Debschwitz,50.8667,12.0833
24148,Kiel,54.3226843669499,10.1358638465405
24220,Böhnhusen,54.2239373716,10.0552116111
60528,Frankfurt am Main Seckbach,50.1167,8.68333
1558,Großenhain,51.2914459048752,13.5314713001251
53520,Kaltenborn bei Adenau,50.4,7.01667
50968,Köln,50.9333,6.95
60549,Frankfurt am Main,50.1167,8.68333
68161,Mannheim Schwetzingerstadt,49.4883,8.46472
4539,Groitzsch bei Pegau,51.15,12.2833
99096,Erfurt,50.9833,11.0333
6116,Halle (Saale),51.4804145230098,11.9688556269837
24837,Schleswig,54.51808,9.57038
23942,Dassow Lütgenhof,53.90075,10.9746299999999
18233,Am Salzhaff,54.03283,11.57417
47638,Straelen,51.4428318500105,6.26589752380369
50735,Köln,50.9333,6.95
38518,Gifhorn,52.47827,10.54901
9243,Niederfrohna,50.9,12.7167
8412,Werdau,50.7333,12.3833
1987,Schwarzheide,51.4823378820003,13.8672149841309
8468,Heinsdorfergrund,50.6222,12.3722
9509,Pockau,50.7,13.2333
9579,Borstendorf,50.7833,13.1667
1458,Ottendorf-Okrilla,51.18304,13.8323399999999
23611,Bad Schwartau,53.92105,10.67955
38442,Wolfsburg,52.43788,10.7663700000001
1324,Dresden,51.05,13.75
1279,Dresden,51.05,13.75
50858,Köln,50.9333,6.95
65719,Hofheim am Taunus,50.0833,8.45
8112,Wilkau-Haßlau,50.6667,12.5167
26842,Ostrhauderfehn,53.13332,7.62069999999994
19406,Hohen Pritz Kukuk,53.6389,11.91905
26133,Oldenburg in Oldenburg,53.15035,8.21063000000004
24149,Kiel,54.3226843669499,10.1358638465405
22941,Jersbek,53.74119,10.2218
34225,Baunatal,51.2539753629014,9.41478172485358
44789,Bochum,51.46785,7.19654000000003
4654,Frohburg,51.05,12.55
18107,Rostock,54.08369,12.10063
1187,Dresden,51.05,13.75
86899,Landsberg am Lech,48.05,10.8667
2943,Boxberg / Oberlausitz,51.4035875763178,14.5776004974365
6179,Schkopau,51.38924,11.98541
6780,Zörbig,51.62816,12.1197099999999
17348,Lindetal,53.4787532391702,13.4309141693116
65824,Schwalbach am Taunus,50.15,8.53333
19077,Lübesse Ortkrug,53.4873,11.47016
17036,Neubrandenburg,53.56603,13.26944
80634,München,48.1374,11.5755
1731,Kreischa bei Dresden,50.9441056484577,13.7597477142334
7546,Gera,50.8667,12.0833
4849,Bad Düben,51.594443525229,12.5893004074096
83026,Rosenheim,47.85,12.1333
4249,Leipzig,51.3396,12.3713
8309,Eibenstock,50.5167,12.6
19073,Dümmer Walsmühlen,53.56353,11.2614100000001
18337,Marlow bei Ribnitz-Damgarten Allerstorf,54.1769474531384,12.5438551428223
60389,Frankfurt am Main,50.1167,8.68333
34123,Kassel,51.316944,9.4925
56766,Filz,50.1667,6.98333
8393,Meerane,50.85,12.4667
22761,Hamburg Altona,53.55506,9.94196
1768,Glashütte,50.85184,13.7750599999999
93142,Maxhütte-Haidhof,49.2025,12.0981
70629,Stuttgart,48.7823,9.177
8340,Schwarzenberg / Erzgebirge,50.55,12.7833
9130,Chemnitz,50.8333,12.9167
99869,Wandersleben,50.9,10.85
18334,Dettmannsdorf bei Bad Sülze Wöpkendorf,54.12268,12.50668
17373,Ueckermünde Ueckermünde,53.73909,14.04145
10783,Berlin Tempelhof-Schöneberg,52.44763,13.38535
80637,München,48.1374,11.5755
24159,Kiel Schilksee,54.4168702366492,10.1695141702891
6132,Halle (Saale),51.4804145230098,11.9688556269837
1468,Moritzburg bei Dresden,51.1592183153795,13.680210095215
14167,Berlin Steglitz-Zehlendorf,52.44364,13.22908
23570,Lübeck,53.86956,10.68713
9488,Thermalbad Wiesenbad Plattenthal,50.6167,13.0167
1471,Radeburg,51.2131855840929,13.7233858306885
9429,Wolkenstein,50.65,13.0833
80939,München,48.1374,11.5755
48151,Münster,51.95172,7.62522999999999
22047,Hamburg Wandsbek,53.581944,10.084167
45891,Gelsenkirchen,51.5175,7.08574999999996
25348,Glückstadt,53.788403,9.423933
55469,Budenbach,50.0333,7.56667
27283,Verden (Aller),52.92514,9.23824999999999
1824,Kurort Rathen,50.94973,14.0835
7580,Linda bei Gera,50.8,12.2
4179,Leipzig,51.3396,12.3713
1776,Hermsdorf / Osterzgebirge,50.76541,13.62506
51373,Leverkusen,51.05,7.01667
40724,Hilden,51.16819,6.93640000000005
76185,Karlsruhe (Baden) Daxlanden,49.0047,8.38583
18211,Retschow,54.04583,11.87533
24894,Twedt bei Schleswig,54.5973050154,9.67649626588
22083,Hamburg Hamburg-Nord,53.6153,9.99269
6667,Prittitz,51.15,11.9333
17098,Friedland bei Neubrandenburg,53.67119,13.5550499999999
6449,Freckleben,51.7015,11.54749
99087,Erfurt,50.9833,11.0333
9232,Hartmannsdorf bei Chemnitz,50.9,12.8
25704,Epenwöhrden,54.11262,9.0532
23669,Timmendorfer Strand,53.99753,10.78062
22848,Norderstedt,53.67359,9.9857
18546,Sassnitz Dubnitz,54.49743,13.58208
10367,Berlin Lichtenberg,52.514581,13.498392
18292,Krakow am See Groß Grabow,53.6977,12.2736
35606,Solms (Lahn),50.5167,8.41667
83112,Frasdorf,47.8,12.2833
13057,Berlin Lichtenberg,52.514581,13.498392
18581,Putbus Altkamp,54.315887,13.42442
22305,Hamburg Hamburg-Nord,53.6153,9.99269
8396,Oberwiera,50.8833,12.5
4347,Leipzig,51.3396,12.3713
9125,Chemnitz,50.8333,12.9167
36039,Fulda,50.55,9.66667
40474,Düsseldorf,51.220507741497,6.81216996826174
45239,Essen,51.4624880801468,7.00864483062742
99089,Erfurt,50.9833,11.0333
63452,Hanau,50.1333,8.91667
61440,Oberursel (Taunus),50.2,8.58333
10623,Berlin Charlottenburg-Wilmersdorf,52.497058,13.29649
24960,Munkbrarup,54.8026425337,9.5637234584
9394,Hohndorf bei Stollberg,50.75,12.6833
4680,Colditz,51.1333,12.8167
1326,Dresden,51.05,13.75
1129,Dresden,51.05,13.75
40217,Düsseldorf,51.220507741497,6.81216996826174
17419,Garz,53.8818,14.17006
2977,Hoyerswerda,51.43821,14.25253
10115,Berlin,52.52468,13.40535
4317,Leipzig,51.3396,12.3713
1561,Lampertswalde bei Großenhain,51.3134006842652,13.6750255767822
4207,Leipzig,51.3396,12.3713
4275,Leipzig,51.3396,12.3713
58099,Hagen (Westfalen),51.3606,7.4785
9117,Chemnitz,50.8333,12.9167
60329,Frankfurt am Main,50.1167,8.68333
10405,Berlin,52.52468,13.40535
46047,Oberhausen,51.4966333148967,6.85141620635989
10969,Berlin Friedrichshain-Kreuzberg,52.5015,13.43512
40212,Düsseldorf,51.220507741497,6.81216996826174
63477,Maintal,50.15,8.83333
60386,Frankfurt am Main Fechenheim,50.1167,8.68333
75365,Calw,48.7167,8.73333
50126,Bergheim,50.9667,6.65
40215,Düsseldorf,51.220507741497,6.81216996826174
17089,Breest,53.7895878511208,13.3345016296387
23775,Großenbrode,54.36949,11.08533
18258,Bröbberow Klein Grenz,53.96341,12.0252399999999
73728,Esslingen am Neckar,48.75,9.3
17237,Hohenzieritz Zippelow,53.4663406338844,13.1202131271361
60598,Frankfurt am Main,50.1167,8.68333
8280,Aue,50.5833,12.7
23996,Hohen Viecheln,53.78461,11.5114100000001
9127,Chemnitz,50.8333,12.9167
2681,Schirgiswalde,51.07636,14.42562
1833,Stolpen,51.04894,14.07902
50933,Köln,50.9333,6.95
19372,Brunow bei Parchim,53.26244,11.81313
17389,Anklam Gellendin,53.82344,13.7007100000001
25554,Bekdorf bei Wilster,53.93769,9.423966
8058,Zwickau,50.7333,12.5
72379,Hechingen,48.35,8.98333
50169,Kerpen,50.8667,6.7
10245,Berlin Friedrichshain-Kreuzberg,52.5015,13.43512
89079,Ulm (Donau),48.4,10.0
88677,Markdorf (Baden),47.7167,9.4
12055,Berlin,52.52468,13.40535
68623,Lampertheim,49.6019,8.47194
18246,Jürgenshagen bei Bützow,53.95419,11.89563
17213,Göhren-Lebbin,53.47906,12.51016
80809,München,48.1374,11.5755
50737,Köln,50.9333,6.95
4319,Leipzig,51.3396,12.3713
99091,Erfurt Gispersleben,50.9833,11.0333
39124,Magdeburg,52.13196,11.62658
1796,Pirna,50.95326,13.93815
49074,Osnabrück,52.28201,8.04326000000003
8626,Mühlental,50.4519,12.4815
55129,Mainz,50.0,8.27111
6425,Plötzkau,51.7455,11.68292
14806,Belzig Dippmannsdorf,52.22085,12.59674
66606,Sankt Wendel,49.4667,7.16667
45141,Essen,51.4624880801468,7.00864483062742
7548,Gera Untermhaus,50.8667,12.0833
7554,Pölzig,50.95,12.2
7957,Hain bei Zeulenroda,50.7,12.0833
23843,Rümpel,53.78294,10.35188
10243,Berlin Friedrichshain-Kreuzberg,52.5015,13.43512
88416,Erlenmoos,48.0667,9.98333
80336,München,48.1374,11.5755
9569,Oederan,50.8667,13.1667
4205,Leipzig,51.3396,12.3713
18375,Ostseebad Prerow,54.44447,12.56525
17235,Neustrelitz Neustrelitz,53.36049,13.07302
22301,Hamburg Hamburg-Nord,53.6153,9.99269
35444,Biebertal,50.6,8.58333
7607,Hainspitz,50.95,11.8333
40885,Ratingen,51.2965653110169,6.84012947082522
60323,Frankfurt am Main,50.1167,8.68333
9387,Jahnsdorf / Erzgebirge,50.75,12.85
8359,Breitenbrunn / Erzgebirge,50.4667,12.7667
4651,Eulatal,51.1,12.6333
28832,Achim bei Bremen,53.010945,9.037355
18230,Kröpelin Boldenshagen,54.08647,11.76817
1217,Dresden,51.05,13.75
18299,Hohen Sprenz,53.91232,12.1953599999999
33604,Bielefeld,52.02126,8.54576999999995
22339,Hamburg Wandsbek,53.581944,10.084167
26180,Rastede,53.24506,8.19907000000001
18196,Dummerstorf Bandelstorf,54.03723,12.25153
66625,Nohfelden,49.5833,7.15
17207,Groß Kelle,53.4061404838696,12.5439918518066
18574,Garz/Rügen Karnitz,54.353238,13.371813
19089,Wessin Radepohl,53.5676,11.7538500000001
17214,Nossentiner Hütte,53.5355445539059,12.426090222168
20149,Hamburg Eimsbüttel,53.574444,9.959444
20148,Hamburg Eimsbüttel,53.574444,9.959444
22391,Hamburg Wandsbek,53.581944,10.084167
50321,Brühl,50.8333,6.9
86641,Rain,48.6833,10.9
54290,Trier,49.75,6.63333
18437,Stralsund Vogelsang,54.2928935,13.0146056
1920,Crostwitz,51.2382440858135,14.2441635131836
99085,Erfurt,50.9833,11.0333
25596,Gribbohm,54.028687,9.347382
6846,Dessau-Roßlau,51.84247,12.2305200000001
21029,Hamburg,53.554423,9.994583
48317,Drensteinfurt,51.7943,7.73406
25494,Borstel-Hohenraden,53.68402,9.8061
64367,Mühltal,49.815,8.695
10707,Berlin Charlottenburg-Wilmersdorf,52.497058,13.29649
97877,Wertheim am Main,49.7575,9.50944
24969,Lindewitt,54.7003501494,9.20937286615
6258,Schkopau,51.38924,11.98541
61191,Rosbach vor der Höhe,50.2896666666666,8.698666666666
81477,München,48.1374,11.5755
20259,Hamburg Eimsbüttel,53.574444,9.959444
18225,Kühlungsborn,54.13393,11.75212
13089,Berlin,52.52468,13.40535
49090,Osnabrück,52.28201,8.04326000000003
4746,Hartha bei Döbeln,51.1,12.9667
68167,Mannheim Neckarstadt,49.4883,8.46472
64711,Erbach (Odenwald),49.6561,8.99639
9356,Sankt Egidien,50.7833,12.6333
23627,Groß Sarau,53.76933,10.73518
51371,Leverkusen,51.05,7.01667
20359,Hamburg Altona,53.55506,9.94196
4687,Trebsen / Mulde,51.2833,12.75
21224,Rosengarten,53.37711,9.89853
4349,Leipzig,51.3396,12.3713
1589,Riesa,51.3063320341141,13.2878978729248
80992,München,48.1374,11.5755
9350,Lichtenstein / Sachsen,50.75,12.65
6886,Lutherstadt Wittenberg,51.8744184590771,12.6278591217041
24640,Lentföhrden Wierenkamp,53.87937,9.96194
48653,Coesfeld,51.93807,7.16804999999999
1689,Niederau bei Meißen,51.1757671982405,13.5551009948731
34132,Kassel,51.316944,9.4925
22846,Norderstedt,53.67359,9.9857
25584,Besdorf,54.050731,9.360748
19217,Holdorf bei Gadebusch,53.72932,11.06597
10999,Berlin Friedrichshain-Kreuzberg,52.5015,13.43512
7586,Bad Köstritz,50.9333,12.0167
4177,Leipzig,51.3396,12.3713
6849,Dessau-Roßlau,51.84247,12.2305200000001
21423,Drage,53.41044,10.26114
21335,Lüneburg,53.24682,10.41178
60325,Frankfurt am Main,50.1167,8.68333
9399,Niederwürschnitz,50.725,12.75
22880,Wedel,53.58367,9.69817
65618,Selters (Taunus),50.35,8.26667
79100,Freiburg im Breisgau,48.0,7.85
25899,Bosbüll,54.8241884491,8.8613271188
39128,Magdeburg,52.13196,11.62658
24872,Groß Rheide,54.4426174338499,9.43331572412677
25832,Tönning (Nordseebad),54.3180909829608,8.93713844163407
23829,Kükels,53.89611,10.23812
8538,Burgstein bei Plauen,50.4167,12.0167
4318,Leipzig,51.3396,12.3713
38875,Sorge,51.6931114597791,10.6985578994751
91074,Herzogenaurach,49.55,10.8833
33790,Halle (Westfalen),52.0455500892765,8.32602495239257
1773,Altenberg,50.7642027700597,13.7577736083986
29439,Lüchow (Wendland),52.9694,11.15616
56459,Rothenbach,50.5667,7.88333
80686,München,48.1374,11.5755
50667,Köln,50.9333,6.95
19357,Dambeck bei Perleberg,53.24415,11.7657400000001
9427,Ehrenfriedersdorf,50.65,12.95
25474,Hasloh,53.69353,9.91165
92637,Weiden in der Oberpfalz,49.6775,12.1567
95445,Bayreuth,49.9481,11.5783
18573,Altefähr Klein Bandelvitz,54.31525,13.1589300000001
22143,Hamburg Wandsbek,53.581944,10.084167
41460,Neuss,51.2038721294835,6.68800777252204
86169,Augsburg,48.3667,10.8833
19205,Mühlen Eichsen,53.75891,11.25135
85748,Garching bei München,48.25,11.65
12527,Berlin Treptow-Köpenick,52.445817,13.574588
64289,Darmstadt,49.8706,8.64944
24806,Sophienhamm,54.276286549169,9.46341574335638
19322,Bad Wilsnack Scharleuk,52.955972554258,11.8442995071412
2829,Schöpstal,51.160625462991,14.9296008465576
19294,Karenz,53.23012,11.34384
53179,Bonn,50.7333,7.1
61279,Grävenwiesbach,50.4,8.45
25578,Dägeling,53.878405,9.531152
26123,Oldenburg in Oldenburg,53.15035,8.21063000000004
9030,Chemnitz,50.8333,12.9167
19260,Dersenow,53.38043,10.88895
2779,Großschönau,50.8938286184576,14.6654472167969
73525,Schwäbisch Gmünd,48.8,9.78333
9122,Chemnitz,50.8333,12.9167
38124,Braunschweig,52.26902,10.5259599999999
25842,Lütjenholm,54.6841190793887,9.02116857469083
28759,Bremen,53.07516,8.80777
19079,Banzkow,53.5273,11.5257799999999
7743,Jena,50.9333,11.5833
10789,Berlin Tempelhof-Schöneberg,52.44763,13.38535
4288,Leipzig,51.3396,12.3713
2906,Mücka,51.3165390632738,14.7015449523926
9113,Chemnitz,50.8333,12.9167
21217,Seevetal,53.38075,10.03942
34127,Kassel,51.316944,9.4925
35039,Marburg / Lahn,50.8167,8.76667
25482,Appen,53.65964,9.74216
9548,Deutschneudorf,50.6167,13.4667
53721,Siegburg,50.8,7.2
24787,Fockbek,54.3048270968409,9.60141942048613
14712,Rathenow,52.60495,12.33948
65195,Wiesbaden,50.0833,8.25
8060,Zwickau,50.7333,12.5
81539,München,48.1374,11.5755
25358,Horst (Holstein),53.811088,9.618279
22850,Norderstedt,53.67359,9.9857
8228,Rodewisch,50.5333,12.4167
85757,Karlsfeld bei München,48.2167,11.4667
9306,Rochlitz,51.05,12.8
49076,Osnabrück,52.28201,8.04326000000003
36404,Martinroda bei Vacha,50.8,10.0667
51469,Bergisch Gladbach,50.9833,7.13333
48429,Rheine,52.28161,7.44484999999997
24988,Oeversee,54.7048841523,9.43578153904
6905,Meuro bei Lutherstadt Wittenberg,51.7251,12.69277
35398,Gießen,50.5833,8.65
59909,Bestwig,51.3622788597653,8.40111579895017
90429,Nürnberg,49.4478,11.0683
44149,Dortmund,51.504225397481,7.48365411122495
23730,Sierksdorf,54.06665,10.76888
60594,Frankfurt am Main,50.1167,8.68333
22889,Tangstedt,53.73188,10.08447
1738,Dorfhain,50.9356259243694,13.5626659576416
9661,Rossau bei Mittweida,51.0,13.0667
85716,Unterschleißheim,48.2833,11.5667
4289,Leipzig,51.3396,12.3713
10407,Berlin,52.52468,13.40535
17258,Feldberger Seenlandschaft Laeven,53.3391,13.4188
44145,Dortmund,51.504225397481,7.48365411122495
45127,Essen,51.4624880801468,7.00864483062742
63739,Aschaffenburg,49.9739,9.14917
18528,Bergen auf Rügen Silvitz,54.395833,13.503478
10827,Berlin Tempelhof-Schöneberg,52.44763,13.38535
57223,Kreuztal,50.9667,7.98333
65185,Wiesbaden,50.0833,8.25
17194,Hohen Wangelin,53.61457,12.42616
8529,Plauen,50.5,12.1333
19417,Ventschow,53.78582,11.57614
22415,Hamburg Wandsbek,53.581944,10.084167
91207,Lauf an der Pegnitz,49.5103,11.2775
13353,Berlin,52.52468,13.40535
55130,Mainz,50.0,8.27111
37079,Göttingen,51.53738,9.92923999999994
9123,Chemnitz,50.8333,12.9167
84048,Mainburg,48.65,11.7833
24111,Kiel,54.3226843669499,10.1358638465405
48159,Münster,51.95172,7.62522999999999
24242,Felde,54.2972792118201,9.92740236366335
25569,Kremperheide,53.88244,9.478867
22045,Hamburg Wandsbek,53.581944,10.084167
96052,Bamberg,49.894263,10.88555
14624,Dallgow-Döberitz,52.5427,13.05931
16909,Heiligengrabe Königsberg,53.05835,12.43637
87719,Mindelheim,48.05,10.4833
20257,Hamburg Altona,53.55506,9.94196
2827,Görlitz,51.15268,14.97056
6114,Halle (Saale),51.4804145230098,11.9688556269837
22309,Hamburg Wandsbek,53.581944,10.084167
42929,Wermelskirchen,51.14068,7.22122000000002
60487,Frankfurt am Main Rödelheim,50.1167,8.68333
24326,Kalübbe,54.11826,10.28126
29614,Soltau,52.98414,9.84249
22145,Stapelfeld,53.60558,10.21993
23869,Elmenhorst,53.7652,10.2635
4617,Monstab,50.9928,12.3575
1108,Dresden,51.05,13.75
18209,Steffenshagen bei Bad Doberan,54.10021,11.83327
36119,Neuhof,50.4333,9.61667
19209,Perlin,53.58724,11.17512
70176,Stuttgart,48.7823,9.177
22589,Hamburg Altona,53.55506,9.94196
40237,Düsseldorf,51.220507741497,6.81216996826174
8258,Markneukirchen,50.3167,12.3167
95028,Hof an der Saale,50.3167,11.9167
69126,Heidelberg,49.4077,8.6908
39104,Magdeburg,52.13196,11.62658
2747,Berthelsdorf bei Herrnhut,51.02761,14.75638
6766,Bitterfeld-Wolfen Thalheim bei Wolfen,51.6492515257275,12.2296391217042
40468,Düsseldorf,51.220507741497,6.81216996826174
33330,Gütersloh,51.90351,8.38571999999999
93128,Regenstauf,49.1217,12.1292
1477,Arnsdorf bei Dresden,51.0948,13.9899800000001
98559,Oberhof,50.7167,10.7333
14467,Potsdam,52.39384,13.07368
73479,Ellwangen (Jagst),48.9667,10.1333
24601,Wankendorf,54.11254,10.20367
13581,Berlin Spandau,52.5500945822244,13.2003562380982
51063,Köln,50.9333,6.95
23626,Ratekau,53.94908,10.73622
53227,Bonn,50.7333,7.1
38889,Wienrode,51.76526,10.9741
82166,Gräfelfing,48.1,11.45
55128,Mainz,50.0,8.27111
63225,Langen (Hessen),49.9933,8.67278
35282,Rauschenberg,50.8833,8.91667
85737,Ismaning,48.2333,11.6833
8066,Zwickau,50.7333,12.5
50825,Köln,50.9333,6.95
18569,Trent,54.5330476110632,13.2732863783265
35394,Gießen,50.5833,8.65
12524,Berlin Treptow-Köpenick,52.445817,13.574588
47800,Krefeld,51.3389572010443,6.58528489430751
22527,Hamburg Eimsbüttel,53.574444,9.959444
29699,Bomlitz,52.90461,9.65812000000005
23974,Neuburg bei Wismar Nantrow,53.98505,11.63238
60385,Frankfurt am Main,50.1167,8.68333
40547,Düsseldorf,51.220507741497,6.81216996826174
36251,Ludwigsau,50.9,9.76667
25782,Westerborstel,54.2201936824486,9.2604295178707
23946,Ostseebad Boltenhagen,53.9857225015505,11.2070869628906
50931,Köln,50.9333,6.95
34233,Fuldatal,51.3778,9.54444
20539,Hamburg,53.554423,9.994583
29553,Bienenbüttel,53.13898,10.48614
41066,Mönchengladbach Neuwerk,51.2232252427128,6.47593641435537
50937,Köln,50.9333,6.95
32427,Minden,52.29666,8.89322000000004
86462,Langweid am Lech,48.4833,10.85
92318,Neumarkt in der Oberpfalz,49.2803,11.4628
84036,Landshut,48.5361,12.1518
17166,Schorssow,53.6824,12.56654
10437,Berlin,52.52468,13.40535
13585,Berlin Spandau,52.5500945822244,13.2003562380982
21684,Agathenburg,53.5605,9.53145
73207,Plochingen,48.7107,9.4195
59872,Meschede,51.35146,8.28511000000003
9477,Jöhstadt,50.5167,13.1
36037,Fulda,50.55,9.66667
65929,Frankfurt am Main Höchst,50.1,8.55
81925,München,48.1374,11.5755
41462,Neuss,51.2038721294835,6.68800777252204
7343,Wurzbach,50.4667,11.5333
99423,Weimar,50.9833,11.3167
20535,Hamburg,53.554423,9.994583
24983,Handewitt,54.7634057335,9.32490895545
22946,Trittau,53.61096,10.40473
34119,Kassel,51.316944,9.4925
27356,Rotenburg an der Wümme,53.10845,9.39648999999997
24351,Damp,54.5822542146,10.0198961973
4886,Arzberg bei Torgau,51.5284677846543,13.1257039840698
10178,Berlin,52.52468,13.40535
33649,Bielefeld,52.02126,8.54576999999995
90441,Nürnberg,49.4478,11.0683
6712,Elsteraue,51.0833333333,12.21168
63456,Hanau,50.1333,8.91667
24594,Mörel bei Hohenwestedt,54.1124888716996,9.72631263311197
1465,Dresden,51.05,13.75
64720,Michelstadt,49.6736,9.0025
99438,Oettern,50.9333,11.35
27721,Ritterhude,53.18533,8.74593000000004
63571,Gelnhausen,50.2,9.18333
60311,Frankfurt am Main,50.1167,8.68333
4279,Leipzig,51.3396,12.3713
68165,Mannheim Schwetzingerstadt,49.4883,8.46472
9376,Oelsnitz / Erzgebirge,50.7167,12.7
30938,Burgwedel,52.52975,9.79805999999996
48231,Warendorf,51.95397,7.99095
18461,Gremersdorf-Buchholz,54.14787,12.8957399999999
18347,Ostseebad Ahrenshoop,54.38091,12.41976
3116,Drebkau,51.6524,14.2245800000001
36381,Schlüchtern,50.35,9.51667
73249,Wernau (Neckar),48.7,9.41667
99755,Ellrich,51.58665,10.6628499999999
45128,Essen,51.4624880801468,7.00864483062742
12105,Berlin Tempelhof-Schöneberg,52.44763,13.38535
23923,Groß Siemz,53.8174,10.92883
70327,Stuttgart Hedelfingen,48.7586,9.2557
21385,Oldendorf (Luhe),53.15007,10.21471
63743,Aschaffenburg,49.9739,9.14917
81369,München,48.1374,11.5755
27305,Bruchhausen-Vilsen,52.82809,8.99185999999997
31547,Rehburg-Loccum,52.4508,9.20787
6130,Halle (Saale),51.4804145230098,11.9688556269837
13156,Berlin,52.52468,13.40535
22393,Hamburg Wandsbek,53.581944,10.084167
19273,Amt Neuhaus,53.2804167892567,10.9184942062379
79865,Grafenhausen (Hochschwarzwald),47.7667,8.26667
64850,Schaafheim,49.9242,9.00944
36157,Ebersburg,50.4667,9.8
40470,Düsseldorf,51.220507741497,6.81216996826174
80335,München,48.1374,11.5755
14548,Schwielowsee Geltow,52.36472,12.96609
97070,Würzburg,49.7878,9.93611
18119,Rostock,54.08369,12.10063
53757,Sankt Augustin,50.7667,7.18333
2763,Zittau,50.8990256257077,14.8053191955566
23948,Hohenkirchen,53.91561,11.30632
74078,Heilbronn (Neckar),49.1403,9.22
64756,Mossautal,49.6533,8.92889
68305,Mannheim Schönau,49.4883,8.46472
65795,Hattersheim am Main,50.0667,8.46667
68229,Mannheim,49.4883,8.46472
56410,Montabaur,50.4333,7.83333
79639,Grenzach-Wyhlen,47.55,7.68333
57290,Neunkirchen,50.8,8.0
24623,Großenaspe,53.9736276944796,9.96876324569624
89299,Unterroth bei Illertissen,48.2,10.1667
17168,Warnkenhagen bei Teterow Tellow,53.84659,12.51693
7745,Jena,50.9333,11.5833
97076,Würzburg,49.7878,9.93611
7937,Langenwolschendorf,50.6333,11.9667
65183,Wiesbaden,50.0833,8.25
48529,Nordhorn,52.43002,7.06858999999997
26892,Dörpen,52.96848,7.34218999999996
76437,Rastatt,48.85,8.2
25776,Sankt Annen,54.3500100864308,9.08330614671705
25946,Norddorf,54.6795087518,8.33279454763
24536,Neumünster,54.07402,9.984512
70806,Kornwestheim,48.8667,9.18333
4567,Kitzscher,51.1667,12.5667
1904,Neukirch / Lausitz,51.0971163402382,14.319746989441
7646,Waldeck bei Stadtroda,50.9167,11.7833
90571,Schwaig bei Nürnberg,49.4694,11.2011
82008,Unterhaching,48.05,11.6333
50827,Köln,50.9333,6.95
2727,Neugersdorf,50.97833,14.6073
22457,Hamburg Eimsbüttel,53.574444,9.959444
24395,Gelting,54.7462661395,9.89700274467
23747,Dahme,54.22062,11.0848100000001
97295,Waldbrunn (Kreis Würzburg),49.7586,9.80361
25992,List,55.0186629678,8.43158119972
99092,Erfurt,50.9833,11.0333
91126,Schwabach,49.3292,11.0256
99734,Nordhausen,51.49947,10.7909
4828,Bennewitz bei Wurzen Nepperwitz,51.3788626315899,12.6845993225097
17509,Kemnitz bei Greifswald Kemnitzerhagen,54.0630732633445,13.5423610687255
24649,Wiemersdorf,53.957776789538,9.90459348316671
38112,Braunschweig,52.26902,10.5259599999999
4910,Elsterwerda Kraupa,51.49101,13.50815
1983,Neu-Seeland,51.6214,14.1309
99518,Niedertrebra,51.0718,11.5856
30159,Hannover,52.38447,9.72693000000004
3050,Cottbus,51.75529,14.3330100000001
42859,Remscheid,51.1833,7.2
8134,Wildenfels bei Zwickau,50.6576,12.5829
44141,Dortmund,51.504225397481,7.48365411122495
39106,Magdeburg,52.13196,11.62658
14053,Berlin Charlottenburg-Wilmersdorf,52.497058,13.29649
56154,Boppard,50.2333,7.6
13627,Berlin Charlottenburg-Wilmersdorf,52.497058,13.29649
22419,Hamburg Hamburg-Nord,53.6153,9.99269
6406,Bernburg (Saale),51.79616,11.7349400000001
69469,Weinheim (Bergstraße),49.5483,8.66611
55127,Mainz,50.0,8.27111
73453,Obergröningen Algishofen,48.9,9.91667
47051,Duisburg,51.43511,6.76301000000001
25709,Marne,53.9511274906169,9.00880578749451
17153,Bredenfelde bei Malchin,53.60169,12.95625
17154,Neukalen Neukalen,53.82014,12.78979
41747,Viersen,51.25552,6.39652999999998
40213,Düsseldorf,51.220507741497,6.81216996826174
25786,Dellstedt,54.2380156999623,9.36912670875148
40476,Düsseldorf,51.220507741497,6.81216996826174
9236,Claußnitz bei Chemnitz,50.9333,12.8833
96132,Schlüsselfeld,49.7667,10.6333
14197,Berlin Charlottenburg-Wilmersdorf,52.497058,13.29649
6618,Molau,51.05,11.7833
42389,Wuppertal,51.26136,7.16302999999994
12277,Berlin Tempelhof-Schöneberg,52.44763,13.38535
8451,Crimmitschau,50.8167,12.3833
59425,Unna,51.54257,7.68533000000002
52222,Stolberg (Rheinland),50.7667,6.23333
45476,Mülheim an der Ruhr,51.4312,6.88050999999996
24622,Gnutz,54.1352764455121,9.8224971457775
20144,Hamburg Eimsbüttel,53.574444,9.959444
19069,Seehof bei Schwerin Hundorf bei Schwerin,53.70483,11.43506
21266,Jesteburg,53.31461,9.95568000000003
9322,Penig,50.9333,12.7167
12489,Berlin Treptow-Köpenick,52.445817,13.574588
49809,Lingen (Ems),52.52499,7.32275000000004
33609,Bielefeld,52.02126,8.54576999999995
48153,Münster,51.95172,7.62522999999999
48157,Münster,51.95172,7.62522999999999
14059,Berlin Charlottenburg-Wilmersdorf,52.497058,13.29649
2748,Bernstadt auf dem Eigen,51.04749,14.82626
80333,München,48.1374,11.5755
3044,Cottbus,51.75529,14.3330100000001
21218,Seevetal,53.38075,10.03942
86850,Fischach,48.2833,10.6667
28217,Bremen,53.07516,8.80777
23972,Metelsdorf,53.85844,11.4252799999999
6901,Wartenburg,51.81049,12.77711
7768,Orlamünde,50.7833,11.5167
64807,Dieburg,49.8989,8.84444
63450,Hanau,50.1333,8.91667
63688,Gedern,50.4333,9.2
65468,Trebur,49.9311,8.41611
41363,Jüchen,51.1,6.5
24582,Groß Buchwald,54.162083522502,10.08378654862
90419,Nürnberg,49.4478,11.0683
23617,Stockelsdorf,53.88788,10.64507
61348,Bad Homburg vor der Höhe,50.2167,8.61667
17449,Trassenheide,54.08754,13.86087
99510,Oberreißen,51.0833,11.4167
87541,Bad Hindelang,47.5,10.3667
70376,Stuttgart Münster,48.8213,9.22
8289,Schneeberg,50.6,12.6333
9526,Olbernhau,50.6667,13.3333
92711,Parkstein,49.7333,12.0667
4626,Mehna,50.9646,12.3217
4703,Hartha bei Döbeln,51.1,12.9667
9465,Sehmatal,50.5167,12.9833
1819,Bahretal,50.88376,13.90283
39108,Magdeburg,52.13196,11.62658
6217,Beuna (Geiseltal),51.32362,11.95907
50733,Köln,50.9333,6.95
22087,Hamburg Wandsbek,53.581944,10.084167
60435,Frankfurt am Main Preungesheim,50.1167,8.68333
60388,Frankfurt am Main Bergen-Enkheim,50.1167,8.68333
65428,Rüsselsheim,49.9925,8.425
63069,Offenbach am Main,50.1,8.76667
25551,Hohenlockstedt,53.968265,9.618966
51515,Kürten,51.05,7.26667
63674,Altenstadt,50.2833,8.95
34508,Willingen (Upland),51.29555,8.60810000000004
36396,Steinau an der Straße,50.3167,9.46667
37235,Hessisch Lichtenau,51.19863,9.71974
63667,Nidda,50.4167,9.0
71111,Waldenbuch,48.6333,9.13333
18109,Rostock,54.08369,12.10063
24887,Silberstedt,54.5180797040668,9.37611654544417
54296,Trier,49.75,6.63333
10365,Berlin Lichtenberg,52.514581,13.498392
17367,Eggesin,53.6780130300838,14.0822700317383
47805,Krefeld Fischeln,51.3050710630849,6.60032777631841
93057,Regensburg Reinhausen,49.0333333,12.1166667
41751,Viersen,51.25552,6.39652999999998
64832,Babenhausen,49.9667,8.95778
7747,Jena,50.9333,11.5833
98693,Martinroda bei Ilmenau,50.7167,10.8833
29646,Bispingen,53.07802,10.00066
9544,Neuhausen / Erzgebirge,50.675,13.4667
17209,Sietow Sietow,53.4449393888079,12.5571239471435
17335,Strasburg (Uckermark),53.51215,13.7466899999999
40627,Düsseldorf,51.220507741497,6.81216996826174
81739,München,48.1374,11.5755
99891,Tabarz / Thüringer Wald,50.8833,10.5167
39114,Magdeburg,52.13196,11.62658
1877,Bischofswerda,51.12557,14.1762
21509,Glinde,53.540731,10.211394
39435,Borne bei Staßfurt,51.94922,11.5574300000001
10119,Berlin,52.52468,13.40535
77855,Achern (Baden),48.6333,8.06667
21698,Bargstedt,53.45913,9.44531
46395,Bocholt,51.83819,6.61514
17111,Hohenbollentin,53.78846,13.02097
8223,Grünbach,50.45,12.3667
17358,Torgelow-Holländerei,53.6751,14.0388
17159,Dargun,53.901911,12.85675
21147,Hamburg Harburg,53.46058,9.98139
40472,Düsseldorf,51.220507741497,6.81216996826174
25999,Kampen (Sylt),54.956531,8.345022
81379,München,48.1374,11.5755
64625,Bensheim,49.6803,8.61611
70174,Stuttgart,48.7823,9.177
34582,Borken (Hessen),51.05,9.28333
60322,Frankfurt am Main Preungesheim,50.1167,8.68333
35423,Lich,50.5167,8.83333
53175,Bonn,50.7333,7.1
95463,Bindlach,49.9817,11.6139
3172,Guben,51.95079,14.70258
17252,Mirow,53.27331,12.8168900000001
15366,Hoppegarten,52.52117,13.6585
69488,Birkenau,49.5625,8.70694
23858,Wesenberg,53.8334997564433,10.5332127445221
63512,Hainburg,50.0833,8.93333
32425,Minden,52.29666,8.89322000000004
38440,Wolfsburg,52.43788,10.7663700000001
52152,Simmerath,50.6,6.3
56414,Wallmerod,50.4833,7.95
18314,Divitz-Spoldershagen,54.3159890544904,12.6575507934572
22085,Hamburg Hamburg-Nord,53.6153,9.99269
8324,Bockau,50.55,12.7
22844,Norderstedt,53.67359,9.9857
55218,Ingelheim am Rhein,49.974,8.051
25927,Neukirchen bei Niebüll,54.8663281105,8.73749847567
21272,Egestorf,53.19335,10.0625199999999
23863,Bargfeld-Stegen,53.76493,10.18198
40239,Düsseldorf,51.220507741497,6.81216996826174
20355,Hamburg,53.554423,9.994583
4451,Borsdorf an der Parthe,51.34842,12.5432000000001
50969,Köln,50.9333,6.95
69115,Heidelberg,49.4077,8.6908
81479,München,48.1374,11.5755
32049,Herford,52.11783,8.67957999999999
65187,Wiesbaden,50.0833,8.25
10435,Berlin,52.52468,13.40535
66129,Saarbrücken,49.2333,7.0
33332,Gütersloh,51.90351,8.38571999999999
50823,Köln,50.9333,6.95
81677,München,48.1374,11.5755
44227,Dortmund,51.504225397481,7.48365411122495
80805,München,48.1374,11.5755
6120,Lieskau,51.50317,11.8628200000001
9430,Venusberg bei Zschopau,50.7,13.0167
4316,Leipzig,51.3396,12.3713
22111,Hamburg,53.554423,9.994583
8352,Raschau-Markersbach,50.532222,12.871389
6567,Seega,51.324692480372,11.034372883606
56244,Leuterod,50.4833,7.81667
8527,Plauen,50.5,12.1333
9557,Flöha,50.8561,13.0741
47809,Krefeld Fischeln,51.3050710630849,6.60032777631841
39171,Sülzetal Osterweddingen,52.0419686334953,11.578281211853
63843,Niedernberg,49.9122,9.13694
10967,Berlin Friedrichshain-Kreuzberg,52.5015,13.43512
22049,Hamburg Wandsbek,53.581944,10.084167
88178,Heimenkirch,47.6167,9.91667
1734,Rabenau,50.96391,13.64316
85123,Karlskron,48.6833,11.4167
13403,Berlin Reinickendorf,52.56755,13.33165
82041,Oberhaching bei München Deisenhofen bei München,48.0182334,11.5887737
17268,Milmersdorf Groß Kölpin,53.11579,13.68327
36043,Fulda,50.55,9.66667
26131,Oldenburg in Oldenburg,53.15035,8.21063000000004
34466,Wolfhagen,51.32592,9.16596000000004
67304,Kerzenheim,49.5764,8.05972
1157,Dresden,51.05,13.75
4741,Niederstriegis,51.0833,13.15
1683,Ketzerbachtal Karcha,51.1116,13.3109
2692,Doberschau-Gaußig,51.1336218124698,14.3503477142334
4523,Elstertrebnitz,51.15,12.2333
55120,Mainz,50.0,8.27111
53902,Bad Münstereifel,50.55,6.76667
2979,Elsterheide,51.46779,14.2254399999999
6773,Gräfenhainichen,51.72994,12.45368
47589,Uedem,51.6660877910628,6.27366962432859
32657,Lemgo,52.02703,8.90178000000003
74354,Besigheim,48.9833,9.13333
86368,Gersthofen,48.4167,10.8833
37327,Kallmerode,51.351608167735,10.3060081481933
24211,Postfeld,54.2104961349701,10.2126353740693
69190,Walldorf (Baden),49.3064,8.64528
25774,Hemme,54.27797,9.0086
80539,München,48.1374,11.5755
14469,Potsdam,52.39384,13.07368
4571,Rötha,51.2,12.4
12059,Berlin,52.52468,13.40535
8261,Schöneck / Vogtland,50.3833,12.3167
35066,Frankenberg (Eder),51.0667,8.8
1896,Pulsnitz,51.18342,14.01572
18198,Stäbelow Bliesekow,54.04025,11.98478
17217,Puchow,53.53432,13.06787
21502,Hamwarde,53.45298,10.42135
99880,Aspach bei Gotha,50.95,10.6
25693,Sankt Michaelisdonn,53.9876896001851,9.11705572002205
13187,Berlin,52.52468,13.40535
15517,Fürstenwalde / Spree,52.36769,14.0716199999999
18279,Lalendorf Gremmelin,53.78725,12.31836
60439,Frankfurt am Main Praunheim,50.1167,8.68333
90513,Zirndorf,49.45,10.95
85540,München,48.1374,11.5755
55411,Bingen am Rhein,49.9667,7.9
29478,Höhbeck,53.0561,11.4344
22926,Ahrensburg,53.67579,10.23845
45133,Essen,51.4624880801468,7.00864483062742
71254,Ditzingen,48.8333,9.06667
30519,Hannover,52.38447,9.72693000000004
38700,Braunlage,51.72513,10.61041
9487,Schlettau,50.5667,12.95
70563,Stuttgart Vaihingen,48.7301,9.1097
17493,Greifswald,54.0888132703675,13.3944205793762
21683,Stade,53.5993,9.47433
63128,Dietzenbach,50.0167,8.78333
99439,Ballstedt,51.05,11.2167
6636,Weischütz,51.2213502073259,11.7058794021607
63110,Rodgau,50.0167,8.88333
25355,Heede bei Barmstedt,53.783780787891,9.80737869782444
44229,Dortmund,51.504225397481,7.48365411122495
47495,Rheinberg,51.5462467533736,6.58990206878661
9514,Lengefeld,50.7167,13.2
4575,Neukieritzsch,51.1667,12.4333
34560,Fritzlar,51.1333,9.28333
13469,Berlin Reinickendorf,52.56755,13.33165
61381,Friedrichsdorf,50.2667,8.65
77728,Oppenau,48.47345,8.164299
28329,Bremen,53.07516,8.80777
18236,Kröpelin Klein Nienhagen,54.00832,11.79963
35463,Fernwald,50.55,8.78333
75236,Kämpfelbach,48.95,8.61667
18320,Trinwillershagen,54.24978,12.62401
23992,Zurow,53.86367,11.61439
59302,Oelde,51.82987,8.14508999999998
55437,Ober-Hilbersheim,49.9,8.02889
9577,Niederwiesa,50.8667,13.0167
45359,Essen,51.4624880801468,7.00864483062742
71636,Ludwigsburg (Württemberg),48.9,9.18333
4821,Brandis bei Wurzen Waldsteinberg,51.3180269028845,12.5845623943307
65203,Wiesbaden,50.0833,8.25
64385,Reichelsheim (Odenwald),49.715,8.84306
64287,Darmstadt,49.8706,8.64944
36272,Niederaula,50.8,9.6
40599,Düsseldorf,51.220507741497,6.81216996826174
89518,Heidenheim an der Brenz,48.6833,10.15
14513,Teltow,52.39584,13.27631
37213,Witzenhausen,51.3401636227961,9.85542617980957
63075,Offenbach am Main,50.1,8.76667
70839,Gerlingen (Württemberg),48.8,9.06667
85630,Grasbrunn,48.0833,11.75
10997,Berlin Friedrichshain-Kreuzberg,52.5015,13.43512
53840,Troisdorf,50.8167,7.16667
15345,Petershagen / Eggersdorf Eggersdorf bei Strausberg,52.53801,13.81836
12681,Berlin,52.52468,13.40535
97892,Kreuzwertheim,49.7672,9.51833
76698,Ubstadt-Weiher,49.1708,8.61889
58455,Witten Heven,51.44026,7.30673999999999
53225,Bonn,50.7333,7.1
58093,Hagen (Westfalen),51.3606,7.4785
14547,Beelitz,52.20898,12.8997
38176,Wendeburg,52.32555,10.38762
14776,Kloster Lehnin Rotscherlinde,52.3271,12.6625
6526,Sangerhausen,51.4727094979378,11.2998041750226
44147,Dortmund,51.504225397481,7.48365411122495
36166,Haunetal,50.7667,9.66667
14476,Werder (Havel) Leest bei Potsdam,52.4342,12.94377
55276,Dienheim,49.8372,8.34972
90489,Nürnberg,49.4478,11.0683
40221,Düsseldorf,51.220507741497,6.81216996826174
39110,Magdeburg,52.13196,11.62658
18551,Lohme,54.5745062068268,13.5564088677978
23879,Mölln,53.63001,10.69269
22927,Großhansdorf,53.66805,10.28535
9385,Lugau / Erzgebirge,50.7333,12.75
35396,Gießen,50.5833,8.65
34497,Korbach,51.2770721724054,8.8709186190797
55294,Bodenheim,49.9353,8.32
17139,Kummerow bei Malchin,53.76891,12.83336
63329,Egelsbach,49.9711,8.67028
80639,München,48.1374,11.5755
21481,Lauenburg / Elbe,53.37582,10.54703
91080,Uttenreuth,49.6,11.0833
14641,Schönwalde-Glien,52.67656,12.96785
26349,Jade,53.3225,8.30241999999998
9638,Lichtenberg / Erzgebirge,50.83637,13.42197
7338,Drognitz,50.5833,11.5667
21493,Sahms,53.52475,10.53289
22523,Hamburg Eimsbüttel,53.574444,9.959444
90461,Nürnberg,49.4478,11.0683
2742,Friedersdorf bei Löbau,51.02508,14.56115
35745,Herborn,50.6833,8.31667
2627,Weißenberg,51.19871,14.65865
8315,Bernsbach,50.5833,12.7667
99867,Gotha,50.95,10.7167
37281,Wanfried,51.1833,10.1667
36088,Hünfeld,50.6667,9.76667
39387,Altbrandsleben,52.0734724443827,11.2502975238037
61462,Königstein im Taunus,50.1833,8.46667
61138,Niederdorfelden,50.2,8.8
89520,Herbrechtingen Asbach (Brenz),48.65,10.2166667
34379,Calden,51.40638,9.40179000000001
78467,Konstanz,47.6603,9.1758
88213,Ravensburg (Württemberg),47.7833,9.61667
36124,Eichenzell,50.4833,9.7
65451,Kelsterbach,50.0667,8.53333
36100,Petersberg,50.5667,9.71667
6721,Meineweh,51.0833,11.9833
58089,Hagen (Westfalen),51.3606,7.4785
33415,Verl,51.87853,8.50189
37574,Einbeck,51.82072,9.86814000000004
8525,Plauen,50.5,12.1333
97080,Würzburg,49.7878,9.93611
23774,Heiligenhafen,54.37243,10.97918
25492,Heist,53.6549331787384,9.65669800682073
18249,Bernitt Neu Bernitt,53.89964,11.85223
85276,Hettenshausen Posthof bei Pfaffenhofen an der Ilm,48.5169,11.5044
28309,Bremen,53.07516,8.80777
25560,Kaisborstel,54.013794,9.481068
34128,Kassel,51.316944,9.4925
22307,Hamburg Hamburg-Nord,53.6153,9.99269
68159,Mannheim,49.4883,8.46472
64750,Lützelbach,49.7883,9.07528
63654,Büdingen,50.3,9.11667
35279,Neustadt (Hessen),50.85,9.11667
64395,Brensbach,49.7739,8.88444
12207,Berlin Steglitz-Zehlendorf,52.44364,13.22908
47506,Neukirchen-Vluyn,51.4425108617499,6.55381946563716
98597,Breitungen / Werra,50.7667,10.3333
21220,Seevetal,53.38075,10.03942
17438,Wolgast Mahlzow,54.06113,13.80099
25486,Alveslohe,53.78799,9.91512
12107,Berlin Tempelhof-Schöneberg,52.44763,13.38535
89081,Ulm (Donau),48.4,10.0
50997,Köln,50.9333,6.95
63691,Ranstadt,50.35,8.98333
63179,Obertshausen,50.0833,8.85
2739,Eibau,50.98658,14.65369
24392,Saustrup,54.67437,9.76949
10717,Berlin Charlottenburg-Wilmersdorf,52.497058,13.29649
35440,Linden,50.5167,8.65
34302,Guxhagen,51.20734,9.48095999999998
70736,Fellbach (Württemberg),48.8091,9.277
10249,Berlin Friedrichshain-Kreuzberg,52.5015,13.43512
18195,Grammow Alt Stassow,54.03514,12.5987700000001
1619,Zeithain,51.3341043839538,13.3589263916016
65207,Wiesbaden,50.0833,8.25
60596,Frankfurt am Main,50.1167,8.68333
8606,Mühlental,50.4519,12.4815
23815,Geschendorf,53.92216,10.4402
52072,Aachen,50.7667,6.1
98617,Meiningen,50.5679,10.4152
9355,Gersdorf bei Hohenstein-Ernstthal,50.75,12.7167
61476,Kronberg im Taunus,50.1833,8.5
60318,Frankfurt am Main,50.1167,8.68333
17454,Zinnowitz,54.06938,13.90637
53577,Neustadt (Wied),50.6167,7.43333
52070,Aachen,50.7667,6.1
36304,Alsfeld,50.75,9.26667
65307,Bad Schwalbach,50.1333,8.06667
63584,Gründau,50.2333,9.15
52477,Alsdorf,50.8833,6.16667
25521,Itzehoe,53.920549999,9.515569
10867,Berlin,52.520008,13.404954
28869,Posthausen,53.0572,9.17186
99820,Hörselberg-Hainich,51.0217,10.5101
6270,Tønder,54.9331,8.8667
4046,Germasogeia Limassol,34.7227518,33.0845277
27639,Wurster Nordseeküste,53.7867,8.6153
38097,Braunschweig,52.266666,10.516667
1432,Luxembourg,49.5973,6.1362
24588,Henstedt-Ulzburg,53.7945,9.9736
76878,Bornheim bei Landau,49.2403,8.1280
4328,Leipzig,51.3397,12.3731
1076,Dresden,51.0504,13.7373
60523,Frankfurt,50.1109,8.6821
1069,Dresden,51.0504,13.7373
50137,Firenze,43.7793,11.2463
E14,London,51.5114,-0.0023
9988,SX Usquert (Groningen),53.4036,6.6341
.CA 94111,San Francisco,37.7941,-122.4021
3780,BC Voorthuizen,52.1867,5.6056
6254,Günthersdorf,51.3500,12.1667
2120,Wolkersdorf im Weinviertel,48.3833,16.5167
75019,Paris,48.8817,2.3822
4251,Leipzig,51.3397,12.3731
24221,Raisdorf,54.2833,10.2167
51170,Köln,50.9333,6.95
50995,Köln,50.8661,6.9674
19031,Schwerin,53.6294,11.4133
4029,Leipzig,51.3397,12.3731
8008,Zürich,47.3656,8.5492
1020,Wien,48.2167,16.4
60089,Frankfurt,50.1109,8.6821
9434,Krumhermersdorf,50.7381,13.1014
80369,München,48.1351,11.5720
81902,München,48.1590,11.6224
95354,Modesto,37.6391,-120.9969
27504,Benson,35.3835,-78.5483
6230,Rødekro,55.0753,9.3167
75009,Paris,48.8756,2.3376
70029,Stuttgart,48.7758,9.1829
9971,Matrei in Osttirol,47.0010,12.5397
IL 60654,Chicago,41.8925,-87.6376
8344,Grünhain-Beierfeld,50.5792,12.8269
85046,Ingolstadt,48.7656,11.4236
29691,Hodenhagen,52.7598,9.5861
65423,Rüsselsheim,49.9929,8.4223
IM1 1LB,Douglas,54.1500,-4.4800
8012,Zwickau,50.7272,12.4884
22286,Hamburg,53.6216,10.0136
1147,Dresden,51.0504,13.7373
1651,Meißen,51.1611,13.4717
8045,Zürich,47.3833,8.5217
D01 NX45,Dublin,53.3498,-6.2603
CA  95354,Modesto,37.6391,-120.9969
39100,Bozen,46.4983,11.3548
5975,MR Sevenum,51.4197,6.0319
6623,Vorbasse,55.6175,8.9253
9240,Nibe,56.9826,9.6325
44796,Bochum,51.4820,7.2197
25450,Quickborn,53.7287,9.9087
1019,Amsterdam,52.3650,4.9541
54567,Gerolstein,50.2217,6.6581
6300,Zug,47.1724,8.5174
2830,Bremen,53.0793,8.8017
4185,Leipzig,51.3397,12.3731
6010,Innsbruck,47.2682,11.3927
18203,Bad Doberan,54.1067,11.9052
74166,Neckarsulm,49.1913,9.2263
SE1 8NW,London,51.5049,-0.0865
7010,Palma de Mallorca,39.5696,2.6502
110 00,Praha 1,50.0870,14.4208
70333,Stuttgart,48.7758,9.1829
6212,NC Maastricht,50.8514,5.6900
45318,Essen,51.4582,7.0158
23840,Bad Oldesloe,53.8117,10.3743
25503,Itzehoe,53.9271,9.5156
8048,Zürich,47.3833,8.4833
6099,Halle,51.4820,11.9697
60320,Frankfurt am Main,50.1264,8.6809
14456,Potsdam,52.3989,13.0656
19362,Parchim,53.4260,11.8473
30634,Hannover,52.3759,9.7320
1079,Dresden,51.0504,13.7373
42645,Solingen,51.1734,7.0845
23538,Lübeck,53.8655,10.6866
60493,Frankfurt,50.1211,8.6363
18301,Ribnitz Damgarten,54.2431,12.4507
1062,Dresden,51.0504,13.7373
20246,Hamburg,53.5664,9.9830
10704,Berlin,52.5200,13.4050
10696,Berlin,52.5200,13.4050
5928,LW Venlo,51.3704,6.1688
9491,Ruggell,47.2363,9.5251
0,Galway,53.2707,-9.0568
1017,Amsterdam,52.3676,4.9041
1049,Bruxelles,50.8503,4.3517
19367,Parchim,53.4260,11.8473
5611,Eindhoven,51.4416,5.4697
98501,Washington,47.0379,-122.9007
87-100,Torun,53.0138,18.5984
8064,Zwickau,50.7272,12.4884
24123,Kiel,54.3213,10.1349
60526,Frankfurt a. Main,50.1109,8.6821
8152,Glattpark (Opfikorn),47.4239,8.5586
22039,Hamburg,53.5792,10.0337
18536,Barth,54.3644,12.7268
24913,Flensburg,54.7877,9.4364
4013,Leipzig,51.3397,12.3731
.,Gibraltar,36.1408,-5.3536
2480,Böklund,54.5820,9.4811
6950,Ringkøbing,56.0906,8.2413
56631,Plaidt,50.4092,7.3725
65625,Bensheim,49.6800,8.6200
5081,Anif,47.7336,13.0669
51366,Leverkusen,51.0330,6.9843
55216,Ingelheim,49.9733,8.0583
50446,Köln,50.9333,6.95
8598,Bottighofen,47.6416,9.2150
22219,Hamburg,53.5836,10.0227
525,Longueuil,45.5312,-73.5108
1101,Dresden,51.0504,13.7373
80366,München,48.1351,11.5820
8050,Zürich,47.4116,8.5463
XBX1011,Ta'Xbiex,35.8991,14.4946
92240,Hirschau,49.5406,11.9389
71301,Waiblingen,48.8300,9.3167
18176,Lohmen,53.9139,12.1589
51368,Leverkusen,51.0330,6.9843
1118 BJ,Schiphol,52.3086,4.7639
6830,Rankweil,47.2742,9.6403
1200,Wien,48.2447,16.3760
4006,Leipzig,51.3397,12.3731
CA 94043,Mountain View,37.3861,-122.0838
4439,Leipzig Engelsdorf,51.3428,12.4716
81822,München,48.1371,11.6223
6400,Sonderborg,54.9113,9.7920
60310,Frankfurt,50.1109,8.6821
70546,Stuttgart,48.7758,9.1829
60624,Frankfurt,50.1109,8.6821
44781,Bochum,51.4818,7.2196
111 43,Stockholm,59.3293,18.0686
80687,München,48.1400,11.5250